{"loss": [0.4169136584599813, 0.2653172774831454, 0.23757022531429928, 0.22534139949480692, 0.2188713556488355, 0.21201770681540172, 0.20296703700224558, 0.19206731056372325, 0.18009190558195115, 0.16978924494584402, 0.1607706709345182, 0.15168133050998053, 0.1431558621764183, 0.13658891672293344, 0.13132367268403372, 0.12589190850257873, 0.12028254963159561, 0.11464592379927635, 0.11024686962763468, 0.1060466530362765, 0.10188928128480912, 0.0983520931939284, 0.09571389694412549, 0.0927913443227609, 0.09076047717730204, 0.0877678144911925, 0.08466452331940333, 0.08277602473298709, 0.08164837741653125, 0.08003466456532478, 0.07856657341917356, 0.07789684871236484, 0.07630602955619493, 0.07466656739115715, 0.07355824915369352, 0.07336496962110202, 0.07275036276181539], "acc": [0.9187833070755005, 0.9508166909217834, 0.9569833278656006, 0.9610000252723694, 0.961650013923645, 0.9633833169937134, 0.9648500084877014, 0.9667500257492065, 0.968916654586792, 0.9710500240325928, 0.971916675567627, 0.9745500087738037, 0.9757500290870667, 0.9771666526794434, 0.9785333275794983, 0.9784666895866394, 0.9798166751861572, 0.9807500243186951, 0.9822499752044678, 0.9825166463851929, 0.9835500121116638, 0.9847166538238525, 0.9850833415985107, 0.9850500226020813, 0.9856833219528198, 0.9867666959762573, 0.9879000186920166, 0.9880833625793457, 0.9881166815757751, 0.9884333610534668, 0.9895333051681519, 0.9886000156402588, 0.9892666935920715, 0.9896500110626221, 0.9904333353042603, 0.9898333549499512, 0.9905499815940857], "val_loss": [0.25960942964553835, 0.21573559639453888, 0.20291145305633546, 0.20514283170700073, 0.19978608145713805, 0.19790276536941528, 0.17769310069084168, 0.16531924867630005, 0.16450777189731597, 0.15398601057529449, 0.14843998996019364, 0.13375419487953186, 0.13115173523426055, 0.12799377381801605, 0.13469284772872925, 0.12046138774752617, 0.1133797077536583, 0.1146126659154892, 0.11153462164402007, 0.10806710073947906, 0.10926651480197906, 0.10662481145262719, 0.10039588515758514, 0.0973400866150856, 0.09800592169761657, 0.09696942752599716, 0.09826855290532112, 0.09450292738676071, 0.09108114778995514, 0.09096464369893074, 0.09238794255256653, 0.09079230939149857, 0.09006425831317902, 0.08986537146568298, 0.0872902978181839, 0.08941221405863761, 0.08842427099347115], "val_acc": [0.9538000226020813, 0.9642999768257141, 0.9681000113487244, 0.9638000130653381, 0.96670001745224, 0.9661999940872192, 0.9696999788284302, 0.975600004196167, 0.9728000164031982, 0.9764000177383423, 0.975600004196167, 0.977400004863739, 0.9782000184059143, 0.9786999821662903, 0.9750000238418579, 0.98089998960495, 0.9814000129699707, 0.9805999994277954, 0.9815999865531921, 0.9803000092506409, 0.9804999828338623, 0.9818000197410583, 0.9822999835014343, 0.9830999970436096, 0.982699990272522, 0.9814000129699707, 0.9811000227928162, 0.9824000000953674, 0.983299970626831, 0.984499990940094, 0.9819999933242798, 0.9829999804496765, 0.982699990272522, 0.9829000234603882, 0.9839000105857849, 0.9836999773979187, 0.9835000038146973], "lr": [0.0010000000474974513, 0.0010000000474974513, 0.0010000000474974513, 0.0010000000474974513, 0.0010000000474974513, 0.0010000000474974513, 0.0009048373904079199, 0.0008187307394109666, 0.0007408182136714458, 0.0006703200633637607, 0.0006065306370146573, 0.0005488116294145584, 0.000496585329528898, 0.0004493289743550122, 0.0004065696557518095, 0.0003678794309962541, 0.00033287107362411916, 0.0003011942026205361, 0.00027253178996033967, 0.00024659695918671787, 0.00022313016233965755, 0.00020189651695545763, 0.00018268352141603827, 0.00016529888671357185, 0.00014956861559767276, 0.00013533528544940054, 0.00012245643301866949, 0.00011080315744038671, 0.0001002588469418697, 9.071795648196712e-05, 8.208499639295042e-05, 7.427357923006639e-05, 6.720551027683541e-05, 6.0810063587268814e-05, 5.5023221648298204e-05, 4.978706783731468e-05, 4.5049200707580894e-05], "epoch": [0, 1, 2, 3, 4, 5, 6, 7, 8, 9, 10, 11, 12, 13, 14, 15, 16, 17, 18, 19, 20, 21, 22, 23, 24, 25, 26, 27, 28, 29, 30, 31, 32, 33, 34, 35, 36]}